Accuracy,Precision_macro,Recall_macro,F1_macro
0.6585365853658537,0.6733897202342225,0.6585365853658537,0.651063829787234
