Accuracy,Precision_macro,Recall_macro,F1_macro
0.625,0.6435831731795858,0.625,0.6124607360018444
