Accuracy,Precision_macro,Recall_macro,F1_macro
0.7378048780487805,0.7421626533393912,0.7378048780487805,0.7366199813258637
