Accuracy,Precision_macro,Recall_macro,F1_macro
0.6920731707317073,0.70237395698672,0.6920731707317074,0.6881043167160947
