Accuracy,Precision_macro,Recall_macro,F1_macro
0.7134146341463414,0.7208032004923834,0.7134146341463414,0.7109969629935136
