Accuracy,Precision_macro,Recall_macro,F1_macro
0.8445121951219512,0.846690612489243,0.8445121951219512,0.8442675603965927
