Accuracy,Precision_macro,Recall_macro,F1_macro
0.7652439024390244,0.7669210910315412,0.7652439024390244,0.7648745519713261
