Accuracy,Precision_macro,Recall_macro,F1_macro
0.6280487804878049,0.6463539010708822,0.6280487804878049,0.6160429859911725
