Accuracy,Precision_macro,Recall_macro,F1_macro
0.7682926829268293,0.7697368421052632,0.7682926829268293,0.767982129560685
