Subgrupo,Accuracy,Precision_macro,Recall_macro,F1_macro
Deepseek_Novice_Answer,0.8445121951219512,0.846690612489243,0.8445121951219512,0.8442675603965927
Deepseek_NoviceSpanish_Answer,0.7682926829268293,0.7697368421052632,0.7682926829268293,0.767982129560685
Gemini_Novice_Answer,0.7652439024390244,0.7669210910315412,0.7652439024390244,0.7648745519713261
Gemini_Answer,0.7378048780487805,0.7421626533393912,0.7378048780487805,0.7366199813258637
Gemini_SimpleVars_Answer,0.6920731707317073,0.70237395698672,0.6920731707317074,0.6881043167160947
Deepseek_SimpleVars_Answer,0.6585365853658537,0.6733897202342225,0.6585365853658537,0.651063829787234
Gemini_NoviceSpanish_Answer,0.6280487804878049,0.6463539010708822,0.6280487804878049,0.6160429859911725
Deepseek_Answer,0.625,0.6435831731795858,0.625,0.6124607360018444
